{"cameraMode":{"drawMode":0,"name":"Shaded","section":"Shading Mode"},"sceneLighting":true,"audioPlay":false,"sceneViewState":{"m_AlwaysRefresh":false,"showFog":false,"showSkybox":true,"showFlares":true,"showImageEffects":true,"showParticleSystems":true,"showVisualEffectGraphs":true,"m_FxEnabled":true},"in2DMode":false,"pivot":{"x":-24.07733917236328,"y":5.994831085205078,"z":93.73310089111328},"rotation":{"x":0.020235862582921983,"y":0.12707889080047608,"z":0.0026488779112696649,"w":-0.9917920231819153},"size":48.426780700683597,"orthographic":false}