{"cameraMode":{"drawMode":0,"name":"Shaded","section":"Shading Mode"},"sceneLighting":false,"audioPlay":false,"sceneViewState":{"m_AlwaysRefresh":false,"showFog":true,"showSkybox":false,"showFlares":true,"showImageEffects":true,"showParticleSystems":true,"showVisualEffectGraphs":true,"m_FxEnabled":true},"in2DMode":false,"pivot":{"x":-1.5000004768371583,"y":0.0000014463439583778382,"z":1.5000009536743165},"rotation":{"x":-0.23112204670906068,"y":0.5783461928367615,"z":-0.17530745267868043,"w":-0.7625041007995606},"size":3.9213459491729738,"orthographic":false}